{
  "extrinsics": [
    [0.99999988, 0.00039003455, 0.00022403982, -0.00032735331],
    [-0.00038992485, 0.99999982, -0.00048952969, 0.00026966861],
    [-0.00022423071, 0.00048944232, 0.99999988, 1.6483942e-05]
  ],
  "intrinsics": [
    [356.49368, 0, 252],
    [0, 356.72241, 168],
    [0, 0, 1]
  ]
}
