{
  "extrinsics": [
    [1, -0.00012965382, -6.8031754e-06, -0.0001313338],
    [0.00012965196, 0.99999994, -0.00027336139, 0.00012835182],
    [6.8386171e-06, 0.00027336052, 0.99999994, -3.4219452e-06]
  ],
  "intrinsics": [
    [803.5213, 0, 252],
    [0, 824.88269, 168],
    [0, 0, 1]
  ]
}
