{
  "extrinsics": [
    [0.9999994, 0.0010902813, -0.00020544378, -0.00019119988],
    [-0.0010904593, 0.99999905, -0.00086775934, 0.00036212223],
    [0.00020449747, 0.0008679828, 0.99999958, -0.00024845623]
  ],
  "intrinsics": [
    [560.57855, 0, 252],
    [0, 554.0957, 168],
    [0, 0, 1]
  ]
}
