{
  "extrinsics": [
    [0.99999994, 0.00035602431, 3.8563812e-06, 5.3388278e-05],
    [-0.00035602311, 0.99999988, -0.00031137854, 0.00020721617],
    [-3.9672391e-06, 0.00031137717, 0.99999994, -5.6983848e-05]
  ],
  "intrinsics": [
    [701.16992, 0, 252],
    [0, 720.39185, 168],
    [0, 0, 1]
  ]
}
