{
  "extrinsics": [
    [0.99985307, 0.011223523, -0.012956108, 0.012598432],
    [-0.010834818, 0.99950039, 0.029691814, 8.7585344e-05],
    [0.01328288, -0.029547075, 0.99947512, 0.0030492679]
  ],
  "intrinsics": [
    [352.81036, 0, 252],
    [0, 357.00476, 168],
    [0, 0, 1]
  ]
}
