{
  "extrinsics": [
    [0.99940634, 0.005802854, -0.03396045, 0.01911322],
    [-0.0058075231, 0.99998313, -3.8860104e-05, -0.0041528638],
    [0.033959653, 0.00023606315, 0.99942321, -0.0020784126]
  ],
  "intrinsics": [
    [839.21613, 0, 252],
    [0, 915.73151, 168],
    [0, 0, 1]
  ]
}
