{
  "extrinsics": [
    [0.99963278, 0.0060079629, -0.026423614, 0.016514117],
    [-0.0058090435, 0.99995428, 0.0075983997, -0.0010096655],
    [0.026468055, -0.0074421135, 0.99962193, 0.00018045556]
  ],
  "intrinsics": [
    [612.83722, 0, 252],
    [0, 633.50934, 168],
    [0, 0, 1]
  ]
}
