{
  "extrinsics": [
    [0.9995262, 0.0063530933, -0.030116362, 0.01724292],
    [-0.0062186485, 0.99997026, 0.0045557241, -0.0024161919],
    [0.030144412, -0.0043662824, 0.99953604, -0.00039315037]
  ],
  "intrinsics": [
    [696.51251, 0, 252],
    [0, 747.68335, 168],
    [0, 0, 1]
  ]
}
