{
  "extrinsics": [
    [0.99999988, 0.00044812087, 0.0001358345, -0.00029753087],
    [-0.00044804189, 0.9999997, -0.00058098655, 0.00023724325],
    [-0.00013609484, 0.00058092567, 0.99999982, -5.2542997e-05]
  ],
  "intrinsics": [
    [356.54913, 0, 252],
    [0, 356.76175, 168],
    [0, 0, 1]
  ]
}
