{
  "extrinsics": [
    [1, -0.00011109231, -5.587986e-05, -0.00016561836],
    [0.00011107384, 0.99999994, -0.00033061678, 0.00013008107],
    [5.5916586e-05, 0.00033061055, 0.99999994, -3.1647047e-05]
  ],
  "intrinsics": [
    [803.073, 0, 252],
    [0, 824.77258, 168],
    [0, 0, 1]
  ]
}
