{
  "extrinsics": [
    [0.99999911, 0.0012568032, -0.0003912453, -0.00025972605],
    [-0.0012571511, 0.99999881, -0.0008907062, 0.00038457871],
    [0.00039012538, 0.0008911973, 0.99999952, -0.00027718995]
  ],
  "intrinsics": [
    [560.87305, 0, 252],
    [0, 554.5224, 168],
    [0, 0, 1]
  ]
}
