{
  "extrinsics": [
    [0.99999994, 0.00033576053, -4.791161e-05, -1.2650494e-05],
    [-0.00033577756, 0.99999988, -0.0003560542, 0.00019063124],
    [4.7792055e-05, 0.00035607026, 0.99999994, -0.00011023207]
  ],
  "intrinsics": [
    [702.06689, 0, 252],
    [0, 721.54932, 168],
    [0, 0, 1]
  ]
}
