{
  "extrinsics": [
    [1, 1.1260432e-05, 0.00021536295, 3.7074933e-05],
    [-1.1237987e-05, 1, -0.0001042252, -9.6145261e-05],
    [-0.00021536411, 0.00010422278, 1, -5.592635e-05]
  ],
  "intrinsics": [
    [427.86975, 0, 252],
    [0, 426.11682, 168],
    [0, 0, 1]
  ]
}
