{
  "extrinsics": [
    [0.99999988, -0.0003446927, -0.00041321266, 0.00012878387],
    [0.00034462591, 0.99999994, -0.00016158837, 0.00011035678],
    [0.00041326831, 0.00016144595, 0.99999988, -0.000230844]
  ],
  "intrinsics": [
    [573.58325, 0, 252],
    [0, 571.84241, 168],
    [0, 0, 1]
  ]
}
