{
  "extrinsics": [
    [1, -8.4248109e-05, 0.00012362418, 4.4889417e-05],
    [8.4274834e-05, 1, -0.0002161867, -3.0595093e-05],
    [-0.00012360598, 0.00021619712, 0.99999994, -7.6290387e-05]
  ],
  "intrinsics": [
    [476.71161, 0, 252],
    [0, 473.6951, 168],
    [0, 0, 1]
  ]
}
