{
  "extrinsics": [
    [0.99999988, 8.7226967e-05, -0.00046875898, 0.00023778906],
    [-8.7322027e-05, 1, -0.00020278194, 0.00027184279],
    [0.00046874129, 0.00020282286, 0.99999988, 7.2430601e-05]
  ],
  "intrinsics": [
    [492.75339, 0, 252],
    [0, 494.5701, 168],
    [0, 0, 1]
  ]
}
