{
  "extrinsics": [
    [1, -1.2451662e-05, -7.5617703e-05, 0.00030939808],
    [1.2454571e-05, 1, 3.8477327e-05, 0.00010790215],
    [7.5617223e-05, -3.8478269e-05, 1, -7.492242e-05]
  ],
  "intrinsics": [
    [335.95441, 0, 252],
    [0, 334.86118, 168],
    [0, 0, 1]
  ]
}
