{
  "extrinsics": [
    [1, -5.5923858e-05, -9.7325661e-05, 0.00011495731],
    [5.5913279e-05, 1, -0.00010868291, 5.3245029e-05],
    [9.7331729e-05, 0.00010867746, 1, 1.277237e-05]
  ],
  "intrinsics": [
    [894.16412, 0, 252],
    [0, 906.34363, 168],
    [0, 0, 1]
  ]
}
