{
  "extrinsics": [
    [0.99999994, 1.9194373e-05, 0.00035428759, -7.1874303e-05],
    [-1.9238698e-05, 1, 0.00012510477, 4.2017848e-05],
    [-0.00035428521, -0.00012511158, 0.99999994, 0.00012536506]
  ],
  "intrinsics": [
    [564.52539, 0, 252],
    [0, 571.96594, 168],
    [0, 0, 1]
  ]
}
