{
  "extrinsics": [
    [1, 1.1735759e-05, -5.7585589e-06, -2.7040705e-05],
    [-1.173595e-05, 1, -3.3231659e-05, 4.4108048e-05],
    [5.7581688e-06, 3.3231729e-05, 1, 4.7226815e-05]
  ],
  "intrinsics": [
    [557.3175, 0, 252],
    [0, 560.25604, 168],
    [0, 0, 1]
  ]
}
