{
  "extrinsics": [
    [0.99999994, -7.3907882e-05, 0.00027358855, -0.00062232278],
    [7.3908865e-05, 1, -3.6091578e-06, 2.099319e-05],
    [-0.00027358826, 3.6293784e-06, 0.99999994, 0.00034601512]
  ],
  "intrinsics": [
    [280.37567, 0, 252],
    [0, 279.022, 168],
    [0, 0, 1]
  ]
}
