{
  "extrinsics": [
    [0.99999994, -0.00014782969, -0.00028959705, 0.00048349396],
    [0.00014785308, 1, 8.0752412e-05, -0.00013719061],
    [0.00028958515, -8.0795224e-05, 0.99999994, 0.00010322243]
  ],
  "intrinsics": [
    [1401.3079, 0, 252],
    [0, 1417.5039, 168],
    [0, 0, 1]
  ]
}
