{
  "extrinsics": [
    [0.99999839, 0.00047789008, -0.001730602, 0.0011044565],
    [-0.00047799994, 0.99999988, -6.3066327e-05, 0.00011660743],
    [0.0017305717, 6.3893458e-05, 0.99999851, 0.00021883527]
  ],
  "intrinsics": [
    [355.25098, 0, 252],
    [0, 354.7045, 168],
    [0, 0, 1]
  ]
}
