{
  "extrinsics": [
    [0.99999994, 2.6616884e-05, -0.00032520975, 0.00014940393],
    [-2.6620131e-05, 1, -9.9766667e-06, -9.56847e-05],
    [0.00032520946, 9.9853232e-06, 0.99999994, 0.00022343095]
  ],
  "intrinsics": [
    [617.76898, 0, 252],
    [0, 622.40088, 168],
    [0, 0, 1]
  ]
}
