{
  "extrinsics": [
    [0.99999571, -0.00043685341, -0.0028923051, 0.00081679941],
    [0.00043724474, 0.99999988, 0.00013465957, 0.0003740844],
    [0.0028922462, -0.00013592362, 0.99999583, 0.00069125433]
  ],
  "intrinsics": [
    [354.90137, 0, 252],
    [0, 355.02481, 168],
    [0, 0, 1]
  ]
}
