{
  "extrinsics": [
    [0.99999964, -3.6743259e-05, -0.00082856137, 0.0002305911],
    [3.5902998e-05, 0.99999946, -0.0010141078, -0.00067379128],
    [0.00082859816, 0.0010140777, 0.99999917, 0.00034952982]
  ],
  "intrinsics": [
    [804.63025, 0, 252],
    [0, 823.23553, 168],
    [0, 0, 1]
  ]
}
