{
  "extrinsics": [
    [0.99999642, 0.0015936834, -0.0021542981, 4.304952e-05],
    [-0.0015956425, 0.99999833, -0.00090808299, -1.7811542e-05],
    [0.0021528474, 0.00091151724, 0.99999726, 0.00029149847]
  ],
  "intrinsics": [
    [559.00165, 0, 252],
    [0, 550.79663, 168],
    [0, 0, 1]
  ]
}
