{
  "extrinsics": [
    [0.99999774, 0.0014230447, -0.0015924417, 0.0005641469],
    [-0.0014233069, 0.99999899, -0.00016349087, -0.00041665114],
    [0.0015922075, 0.00016575702, 0.99999875, 0.00019815634]
  ],
  "intrinsics": [
    [706.42914, 0, 252],
    [0, 723.0675, 168],
    [0, 0, 1]
  ]
}
